{
  "accuracy": [
    0.773052990436554,
    0.8327361941337585,
    0.8553648591041565,
    0.857062041759491
  ],
  "loss": [
    0.41178858280181885,
    0.3031546473503113,
    0.2777165472507477,
    0.26038119196891785
  ],
  "val_accuracy": [
    0.828056275844574,
    0.8328935503959656,
    0.8883025646209717,
    0.9045734405517578
  ],
  "val_loss": [
    0.41287216544151306,
    0.38769423961639404,
    0.29541322588920593,
    0.26116058230400085
  ],
  "learning_rate": [
    0.0010000000474974513,
    0.0010000000474974513,
    0.0010000000474974513,
    0.0010000000474974513
  ]
}