{
  "accuracy": [
    0.7119554877281189,
    0.7904016375541687,
    0.811898946762085,
    0.81821608543396
  ],
  "loss": [
    0.5063307881355286,
    0.3766346573829651,
    0.34395110607147217,
    0.3272760510444641
  ],
  "val_accuracy": [
    0.8122251629829407,
    0.8469656705856323,
    0.8421283960342407,
    0.8562005162239075
  ],
  "val_loss": [
    0.47157523036003113,
    0.4027497172355652,
    0.38573339581489563,
    0.35847175121307373
  ],
  "learning_rate": [
    0.0010000000474974513,
    0.0010000000474974513,
    0.0010000000474974513,
    0.0010000000474974513
  ]
}