{
  "exp_id": "exp_B9_opt_test",
  "healthy_recall": 0.8103335513407456,
  "pneumonia_recall": 0.9455445544554455,
  "covid_recall": 0.8911439114391144,
  "macro_f1": 0.8270700255787,
  "notes": "Frozen Xception backbone baseline"
}