{
  "accuracy": [
    0.8624363541603088,
    0.8673392534255981,
    0.8737506866455078,
    0.8701678514480591,
    0.8682820796966553,
    0.8725249767303467,
    0.8726192712783813,
    0.8691306710243225,
    0.8717706799507141,
    0.8736563920974731,
    0.8703563809394836,
    0.8764849901199341,
    0.8758249878883362
  ],
  "loss": [
    0.25441864132881165,
    0.2514747679233551,
    0.2452320009469986,
    0.24674154818058014,
    0.2455841600894928,
    0.24034544825553894,
    0.2424369752407074,
    0.24421410262584686,
    0.239455908536911,
    0.24024856090545654,
    0.2418045699596405,
    0.23807522654533386,
    0.23761813342571259
  ],
  "val_accuracy": [
    0.8931398391723633,
    0.904133677482605,
    0.8944591283798218,
    0.900175929069519,
    0.9054529666900635,
    0.8944591283798218,
    0.8992964029312134,
    0.9102902412414551,
    0.8953385949134827,
    0.9050132036209106,
    0.900175929069519,
    0.9023746848106384,
    0.8997361660003662
  ],
  "val_loss": [
    0.28391003608703613,
    0.2695985436439514,
    0.284755676984787,
    0.27313119173049927,
    0.2640058100223541,
    0.2765923738479614,
    0.27368754148483276,
    0.2540973424911499,
    0.27585554122924805,
    0.26271840929985046,
    0.2690991461277008,
    0.26581817865371704,
    0.27076834440231323
  ],
  "learning_rate": [
    9.999999747378752e-05,
    9.999999747378752e-05,
    9.999999747378752e-05,
    9.999999747378752e-05,
    9.999999747378752e-05,
    9.999999747378752e-05,
    9.999999747378752e-05,
    9.999999747378752e-05,
    9.999999747378752e-05,
    9.999999747378752e-05,
    9.999999747378752e-05,
    2.9999999242136255e-05,
    2.9999999242136255e-05
  ]
}