{
  "accuracy": [
    0.7640957832336426,
    0.8387705087661743,
    0.8517820239067078,
    0.8633792400360107
  ],
  "loss": [
    0.42099839448928833,
    0.30199944972991943,
    0.27707675099372864,
    0.25229334831237793
  ],
  "val_accuracy": [
    0.8777484893798828,
    0.8905013203620911,
    0.87730872631073,
    0.8869832754135132
  ],
  "val_loss": [
    0.3367202877998352,
    0.3000672459602356,
    0.3115222156047821,
    0.2976948320865631
  ],
  "learning_rate": [
    0.0010000000474974513,
    0.0010000000474974513,
    0.0010000000474974513,
    0.0010000000474974513
  ]
}