{
  "exp_id": "exp_B5_wd_test",
  "healthy_recall": 0.8247220405493787,
  "pneumonia_recall": 0.9801980198019802,
  "covid_recall": 0.9261992619926199,
  "macro_f1": 0.8549468402107321,
  "notes": "Frozen Xception backbone baseline"
}