{
  "accuracy": [
    0.9199509620666504,
    0.9789741635322571,
    0.9880256652832031,
    0.9917027950286865,
    0.9913256764411926,
    0.9945313930511475,
    0.9940599799156189,
    0.9926456809043884,
    0.9984914064407349,
    0.9991514086723328,
    0.9993399977684021,
    0.9990571141242981,
    0.9996228814125061,
    0.9998114109039307
  ],
  "loss": [
    0.16817983984947205,
    0.04944511875510216,
    0.028203360736370087,
    0.019156021997332573,
    0.020375389605760574,
    0.0139034828171134,
    0.01823357492685318,
    0.018050676211714745,
    0.005043798591941595,
    0.001565314712934196,
    0.0012649733107537031,
    0.002157751237973571,
    0.000694650283548981,
    0.0007539181387983263
  ],
  "val_accuracy": [
    0.9727352857589722,
    0.9586631655693054,
    0.983289361000061,
    0.9841688871383667,
    0.9854881167411804,
    0.980211079120636,
    0.9780123233795166,
    0.9850483536720276,
    0.9863676428794861,
    0.9854881167411804,
    0.9841688871383667,
    0.9828495979309082,
    0.9872471690177917,
    0.9868074059486389
  ],
  "val_loss": [
    0.0784756988286972,
    0.12165599316358566,
    0.055044714361429214,
    0.05220121890306473,
    0.04724504426121712,
    0.05581412464380264,
    0.08360207825899124,
    0.05019853264093399,
    0.04469572752714157,
    0.05103931948542595,
    0.050945013761520386,
    0.07021703571081161,
    0.047470469027757645,
    0.046906519681215286
  ],
  "learning_rate": [
    9.999999747378752e-05,
    9.999999747378752e-05,
    9.999999747378752e-05,
    9.999999747378752e-05,
    9.999999747378752e-05,
    9.999999747378752e-05,
    9.999999747378752e-05,
    9.999999747378752e-05,
    2.9999999242136255e-05,
    2.9999999242136255e-05,
    2.9999999242136255e-05,
    2.9999999242136255e-05,
    8.999999408842996e-06,
    8.999999408842996e-06
  ]
}