{
  "accuracy": [
    0.7679615020751953,
    0.8411276340484619,
    0.8562134504318237,
    0.8629077672958374
  ],
  "loss": [
    0.41930776834487915,
    0.3004362881183624,
    0.272230327129364,
    0.2602786421775818
  ],
  "val_accuracy": [
    0.8500439524650574,
    0.8654353618621826,
    0.9063324332237244,
    0.887423038482666
  ],
  "val_loss": [
    0.3853014409542084,
    0.3362286388874054,
    0.25902485847473145,
    0.2902361750602722
  ],
  "learning_rate": [
    0.0010000000474974513,
    0.0010000000474974513,
    0.0010000000474974513,
    0.0010000000474974513
  ]
}