{
  "accuracy": [
    0.9334338903427124,
    0.9801998734474182,
    0.9881199598312378,
    0.9890627861022949,
    0.9917027950286865,
    0.9903827905654907,
    0.9941542744636536,
    0.998114287853241,
    0.9993399977684021
  ],
  "loss": [
    0.1470847874879837,
    0.050631944090127945,
    0.03230997920036316,
    0.029899435117840767,
    0.02153431996703148,
    0.023030521348118782,
    0.018048005178570747,
    0.00532640190795064,
    0.0017194952815771103
  ],
  "val_accuracy": [
    0.9784520864486694,
    0.9463500380516052,
    0.989885687828064,
    0.9907651543617249,
    0.9920844435691833,
    0.9916446805000305,
    0.9894459247589111,
    0.9890061616897583,
    0.990325391292572
  ],
  "val_loss": [
    0.057793326675891876,
    0.15188565850257874,
    0.03650597482919693,
    0.025751188397407532,
    0.037662573158741,
    0.03026294708251953,
    0.03604283556342125,
    0.038079291582107544,
    0.029122671112418175
  ],
  "learning_rate": [
    9.999999747378752e-05,
    9.999999747378752e-05,
    9.999999747378752e-05,
    9.999999747378752e-05,
    9.999999747378752e-05,
    9.999999747378752e-05,
    9.999999747378752e-05,
    2.9999999242136255e-05,
    2.9999999242136255e-05
  ]
}