{
  "accuracy": [
    0.6201207041740417,
    0.7256270051002502,
    0.7618329524993896,
    0.7766358852386475
  ],
  "loss": [
    0.7228807210922241,
    0.4910920560359955,
    0.42871615290641785,
    0.3930652141571045
  ],
  "val_accuracy": [
    0.7453826069831848,
    0.788478434085846,
    0.7906772494316101,
    0.8051890730857849
  ],
  "val_loss": [
    0.616485595703125,
    0.5104476809501648,
    0.48319026827812195,
    0.44955918192863464
  ],
  "learning_rate": [
    9.999999747378752e-05,
    9.999999747378752e-05,
    9.999999747378752e-05,
    9.999999747378752e-05
  ]
}