{
  "accuracy": [
    0.9154252409934998,
    0.9689798355102539,
    0.9811427593231201,
    0.9896284937858582,
    0.9946256875991821,
    0.9932113885879517,
    0.9939656853675842,
    0.9916085004806519,
    0.9979256987571716,
    0.9992457032203674
  ],
  "loss": [
    0.18302367627620697,
    0.07028154283761978,
    0.039842065423727036,
    0.024003591388463974,
    0.012845122255384922,
    0.01353148277848959,
    0.01406862773001194,
    0.019073452800512314,
    0.004660309292376041,
    0.0023597264662384987
  ],
  "val_accuracy": [
    0.9648197293281555,
    0.9648197293281555,
    0.9806508421897888,
    0.9784520864486694,
    0.9837291240692139,
    0.9780123233795166,
    0.983289361000061,
    0.9788918495178223,
    0.9828495979309082,
    0.9872471690177917
  ],
  "val_loss": [
    0.10186973214149475,
    0.09110336750745773,
    0.06500732153654099,
    0.07074860483407974,
    0.048809245228767395,
    0.06902206689119339,
    0.0746249109506607,
    0.08291327953338623,
    0.06522957235574722,
    0.06214625760912895
  ],
  "learning_rate": [
    9.999999747378752e-05,
    9.999999747378752e-05,
    9.999999747378752e-05,
    9.999999747378752e-05,
    9.999999747378752e-05,
    9.999999747378752e-05,
    9.999999747378752e-05,
    9.999999747378752e-05,
    2.9999999242136255e-05,
    2.9999999242136255e-05
  ]
}