{
  "accuracy": [
    0.5107486248016357,
    0.6512351632118225,
    0.697812557220459,
    0.718178391456604
  ],
  "loss": [
    0.9597305655479431,
    0.684440553188324,
    0.5748243927955627,
    0.5181124210357666
  ],
  "val_accuracy": [
    0.6908531188964844,
    0.7211961150169373,
    0.7510994076728821,
    0.7638522386550903
  ],
  "val_loss": [
    0.8415517210960388,
    0.7041113376617432,
    0.6200928092002869,
    0.5800718069076538
  ],
  "learning_rate": [
    2.9999999242136255e-05,
    2.9999999242136255e-05,
    2.9999999242136255e-05,
    2.9999999242136255e-05
  ]
}