{
  "accuracy": [
    0.7126154899597168,
    0.7923816442489624,
    0.8209503889083862,
    0.8358476161956787
  ],
  "loss": [
    0.549211323261261,
    0.3753747045993805,
    0.3343544006347656,
    0.3092252016067505
  ],
  "val_accuracy": [
    0.7985928058624268,
    0.8482849597930908,
    0.8416886329650879,
    0.8583992719650269
  ],
  "val_loss": [
    0.47323375940322876,
    0.3794848620891571,
    0.3748103678226471,
    0.35657721757888794
  ],
  "learning_rate": [
    0.0003000000142492354,
    0.0003000000142492354,
    0.0003000000142492354,
    0.0003000000142492354
  ]
}