{
  "accuracy": [
    0.7563643455505371,
    0.8383933901786804,
    0.8502734303474426,
    0.8646992444992065
  ],
  "loss": [
    0.42528200149536133,
    0.3003181517124176,
    0.2765652537345886,
    0.25731295347213745
  ],
  "val_accuracy": [
    0.8737906813621521,
    0.8421283960342407,
    0.8711521625518799,
    0.9177660346031189
  ],
  "val_loss": [
    0.3358335494995117,
    0.3675635755062103,
    0.31924933195114136,
    0.24270141124725342
  ],
  "learning_rate": [
    0.0010000000474974513,
    0.0010000000474974513,
    0.0010000000474974513,
    0.0010000000474974513
  ]
}