{
  "accuracy": [
    0.7671129703521729,
    0.8387705087661743,
    0.8505563139915466,
    0.8649820685386658
  ],
  "loss": [
    0.4101925790309906,
    0.29831016063690186,
    0.27829310297966003,
    0.26066941022872925
  ],
  "val_accuracy": [
    0.8768689632415771,
    0.8764292001724243,
    0.8654353618621826,
    0.923922598361969
  ],
  "val_loss": [
    0.3206076920032501,
    0.3195926249027252,
    0.3394879996776581,
    0.22760823369026184
  ],
  "learning_rate": [
    0.0010000000474974513,
    0.0010000000474974513,
    0.0010000000474974513,
    0.0010000000474974513
  ]
}