{
  "accuracy": [
    0.770224392414093,
    0.8398076295852661,
    0.8514048457145691,
    0.8630020618438721
  ],
  "loss": [
    0.4205925464630127,
    0.2975178360939026,
    0.27486708760261536,
    0.25918006896972656
  ],
  "val_accuracy": [
    0.8737906813621521,
    0.8548812866210938,
    0.8768689632415771,
    0.8847845196723938
  ],
  "val_loss": [
    0.33200371265411377,
    0.35666534304618835,
    0.3245343267917633,
    0.29852864146232605
  ],
  "learning_rate": [
    0.0010000000474974513,
    0.0010000000474974513,
    0.0010000000474974513,
    0.0010000000474974513
  ]
}